language,uni_lemma,lexical_category,frequency,MLU,final_frequency,solo_frequency,num_phons,concreteness,valence,arousal,babiness,measure,age,num_true,num_false,unscaled_age,total,prop
English (American),airplane,nouns,-0.2499007416124136,-0.05329338648820277,0.5090479007183686,0.4144706995931662,0.84500300148427,0.8242510424243695,-0.6909394463752841,1.9657175795624946,0.6082984645082836,understands,0.9485735665947017,57,31,16,88,0.6477272727272727
English (American),all gone,predicates,-0.5991407249369856,-2.8180833547828694,0.3125378422803157,1.7433016880828558,0.84500300148427,-2.165248092356002,0.455724527922403,-1.6140566178586297,-0.3034695401981513,understands,-0.9485735665947017,83,72,10,155,0.535483870967742
English (American),animal,nouns,0.36454437747789004,0.7986025741942794,0.4499396149449041,-0.3514608367022607,0.84500300148427,0.4659206666801473,0.9694299884077664,0.41643825477695845,0.4614025081443221,understands,1.580955944324503,45,39,18,84,0.5357142857142857
English (American),apple,nouns,0.20556321342656622,-0.4886138519697984,0.15670948525847056,1.2614290023305217,-0.5661280732323791,0.8652030853665663,0.565804269454981,-0.4990449825963124,-0.23508694002068403,understands,0.6323823777298012,69,52,15,121,0.5702479338842975
English (American),arm,nouns,-0.22450633047874374,0.30815183402761637,0.4699986475180294,-1.4638231954298921,-1.2716936105907035,0.8242510424243695,-0.5166465222820354,-0.5929406992499814,0.1660909820902651,understands,1.2647647554596024,46,32,17,78,0.5897435897435898
English (American),asleep,predicates,-0.8376228926167109,0.20010281207250888,0.40447937091214325,-0.8738152989385154,0.84500300148427,-0.45550029951928267,0.455724527922403,-2.2830635990160206,1.6155850218594816,understands,1.580955944324503,48,36,18,84,0.5714285714285714
English (American),baa baa,other,-0.9949568985543481,-2.5858420848400527,-1.020291120351536,1.6698501855644174,0.13943746412594538,-0.2609780955438476,0.2722582920347728,-0.7337842742304848,0.8618839407514427,understands,0.3161911888649006,81,49,14,130,0.6230769230769231
English (American),baby,other,1.3601808764067715,-0.5091473279434229,0.984916282441709,1.1449659318192043,0.13943746412594538,0.8652030853665663,0.6116708284268882,1.202814881751435,3.024483677130778,understands,-0.6323823777298012,47,47,11,94,0.5
English (American),back (location),function_words,1.4049245931784542,0.8902152451282929,0.7752779541426498,-0.7506790285497803,-0.5661280732323791,0.17925636608476894,-1.1404317242999777,-1.5905826886952126,-0.23508694002068403,understands,1.580955944324503,43,41,18,84,0.5119047619047619
English (American),ball,nouns,0.7966486836765273,-0.9255792342948381,1.3111394651332484,1.2908588769485978,-0.5661280732323791,0.8652030853665663,0.12548530332466873,-0.5459928409231468,1.018594066576032,understands,-0.6323823777298012,67,27,11,94,0.7127659574468085
English (American),balloon,nouns,-0.3453273607027475,-0.16638326702159636,0.5353544003015285,0.9056829591882153,0.84500300148427,0.7832989994821725,0.7676171289313736,-0.05304032849138557,1.2921244677873738,understands,0,492,278,13,770,0.638961038961039
English (American),banana,nouns,-0.30327801471313875,-0.8982802103303712,0.3965506758846167,1.0268805554951723,1.5505685388425947,0.8652030853665663,0.6483640756044142,-0.8628908846292792,-0.4440337746206275,understands,-0.6323823777298012,49,45,11,94,0.5212765957446809
English (American),bath,other,-0.13639661253690338,0.7753731215583332,0.4881240388188701,-0.524174571508615,-0.5661280732323791,0.7116329243333277,0.9143901176414777,-0.8159430263024448,1.8543814044743339,understands,-1.2647647554596024,49,45,9,94,0.5212765957446809
English (American),bathroom,nouns,-1.3458621755146394,1.3169074819760747,0.04572058040628454,-2.3952855821317653,1.5505685388425947,0.37377857006020354,-0.6817661345809028,-1.2736846449890804,-0.9872955439787138,understands,0.6323823777298012,77,44,15,121,0.6363636363636364
English (American),bathtub,nouns,-1.7610754481631206,0.8799629926998017,-0.045242479855496356,-1.558639175793718,1.5505685388425947,0.7832989994821725,0.23556504485724677,-0.3699383721975179,1.8543814044743339,understands,-0.3161911888649006,73,70,12,143,0.5104895104895105
English (American),bear,nouns,0.5666727133923795,0.05535432839441302,0.854345107781385,0.48775578470531167,-1.2716936105907035,0.7423469565399757,-0.6175529520202321,0.6511775464111308,0.4168271834096083,understands,0.9485735665947017,44,44,16,88,0.5
English (American),bed,nouns,0.5986678985013836,0.9474732809001548,1.2051778422707145,-0.33068669235698944,-0.5661280732323791,0.8652030853665663,1.0611631063515818,-1.1093671408451597,0.11594374182639662,understands,0.3161911888649006,78,52,14,130,0.6
English (American),bedroom,nouns,-1.9939464764419923,1.0681392815234223,-0.4224809961467661,-0.6484907636846139,1.5505685388425947,0.7628229780110747,0.9143901176414777,1.1206561296794755,0.3165327028818709,understands,0.9485735665947017,47,41,16,88,0.5340909090909091
English (American),bee,nouns,-0.6300405468271292,-0.21343832059429171,0.04055433248565311,0.0038199749306506306,-1.2716936105907035,0.7423469565399757,-2.131149398093179,2.0009284733076207,-1.0875900245064514,understands,1.2647647554596024,40,38,17,78,0.5128205128205128
English (American),belly button,nouns,-2.174027192146028,-1.8507143454253099,-0.14556898479866218,-0.14406332178850964,2.961699613559243,0.8652030853665663,-0.2506204802449719,1.179340952588018,-0.5314115416254962,understands,0.9485735665947017,60,28,16,88,0.6818181818181818
English (American),bib,nouns,-1.1345645752631375,-0.6407265894151443,-0.2791939627746415,-0.6017348749807755,-0.5661280732323791,0.6502048599200329,-0.2047539212730646,-0.4403601596877696,2.8991155764711065,understands,0.9485735665947017,46,42,16,88,0.5227272727272727
English (American),bicycle,nouns,-0.9778812400211737,0.5042440051794725,0.1725275529755768,-0.11950351501652384,1.5505685388425947,0.7525849672755247,0.6483640756044142,0.005644494417157768,-0.3034695401981513,understands,1.2647647554596024,52,26,17,78,0.6666666666666666
English (American),bird,nouns,0.32374741579003874,0.03378028246330014,0.5317945920612619,0.6187874666774812,-0.5661280732323791,0.8652030853665663,0.6850573227819403,-0.13519908056334562,-0.7992433929892063,understands,0,434,336,13,770,0.5636363636363636
English (American),bite,predicates,0.14876048733564196,-0.745490660991619,0.245719622103411,-0.01909004773745472,-0.5661280732323791,0.29187448417581063,-2.2779223868032834,1.3553954213136468,-0.1772247399090942,understands,0,403,367,13,770,0.5233766233766234
English (American),blanket,nouns,-0.3978253300832773,0.5672743042253836,0.2446488026835544,0.19879873968221418,2.2561340762009188,0.8652030853665663,0.960256676613385,-2.013113413636723,2.481221907772692,understands,0,385,385,13,770,0.5
English (American),block,nouns,0.2928510927798184,-0.20544290413293695,0.9117109443713315,0.6509941050278292,0.13943746412594538,0.3328265271180076,-1.397284454542659,0.3577534318684157,0.2531888206808398,understands,0.6323823777298012,68,53,15,121,0.5619834710743802
English (American),blow,predicates,-0.0655629347931973,-0.3538747194010512,-1.1479099077463082,0.6261616260108801,-0.5661280732323791,-0.4247862673126347,0.08879205614714272,0.6277036172477141,-0.7365593426593705,understands,0.6323823777298012,63,58,15,121,0.5206611570247934
English (American),book,nouns,1.2249874679195356,0.3367720759124632,1.5096998102140766,0.48853428191922,-0.5661280732323791,0.7628229780110747,0.960256676613385,-0.9567866012829481,0.3666799431457399,understands,-0.6323823777298012,57,37,11,94,0.6063829787234043
English (American),boots,nouns,-0.6886085240010525,1.2757328267065735,-0.04857155871975921,-0.017548449185370223,0.13943746412594538,0.8652030853665663,-0.10384749153486868,-0.4990449825963124,-0.48582314134002724,understands,1.580955944324503,43,41,18,84,0.5119047619047619
English (American),bottle,nouns,-0.0953944445474597,-0.31357316726943735,0.7527797618999833,0.6270523764667486,0.13943746412594538,0.7730609887466237,-0.48912658689889144,-0.7337842742304848,2.8238947160753036,understands,-1.2647647554596024,51,43,9,94,0.5425531914893617
English (American),bowl,nouns,-0.19256648191411416,0.8480461663239224,0.5972771872546151,-0.23988523709186188,-0.5661280732323791,0.7321089458044266,-0.3056603510112614,-0.8628908846292792,0.216238222354134,understands,1.2647647554596024,43,35,17,78,0.5512820512820513
English (American),box,nouns,0.5710685156271168,0.31781419765274027,1.3152072815440727,-0.08153881451474712,0.13943746412594538,0.7628229780110747,-0.6175529520202321,-1.4966869720415439,-1.0167939203980303,understands,1.2647647554596024,45,33,17,78,0.5769230769230769
English (American),bread,nouns,-0.20241191198956016,0.1699672253468904,0.46562121647274823,0.39780150301954115,0.13943746412594538,0.7832989994821725,0.4740711515111655,-0.11172515139992838,-0.9371483037148449,understands,0.6323823777298012,62,59,15,121,0.512396694214876
English (American),breakfast,other,-0.04255938162643596,0.10960858866386004,0.8355355539856524,-0.021366226957144335,2.961699613559243,0.28163647344026077,1.272149277622356,1.2380257754965611,0.3666799431457399,understands,0.6323823777298012,70,51,15,121,0.5785123966942148
English (American),bring,predicates,0.4814097652480838,1.4113872139511994,-3.1788358336699445,-2.369018331749007,0.13943746412594538,-1.643109544842992,-0.29648703921688,0.40470129019525014,-0.4356759010761586,understands,0,395,375,13,770,0.512987012987013
English (American),broom,nouns,-1.2558686888768267,0.6237411458386753,-0.20683694156199547,0.009899689227813391,0.13943746412594538,0.7525849672755247,-0.46160665151574676,-0.7220473096487758,-1.381309574766674,understands,1.2647647554596024,50,28,17,78,0.6410256410256411
English (American),brush (object),nouns,-0.07561720033663927,0.02070502414640438,-0.6171826047595822,-0.3397665638704046,0.13943746412594538,0.3942545915313025,-0.48912658689889144,-0.8981017783744049,-0.8368538231871079,understands,0,411,359,13,770,0.5337662337662338
English (American),bubbles,nouns,-0.3692258390429847,-1.1340624352215127,0.3172526770257353,0.8143472190128703,0.84500300148427,0.4556826559445974,0.3915113453617322,0.2873316443781645,0.9827746094596141,understands,0.9485735665947017,53,35,16,88,0.6022727272727273
English (American),bug,nouns,-0.3692258390429847,-0.3672411596059376,0.33668935362097235,0.3931843259354909,-0.5661280732323791,0.8652030853665663,-2.3421355693639536,2.4821440211576724,-0.4472483410984766,understands,1.580955944324503,46,38,18,84,0.5476190476190477
English (American),bunny,nouns,0.18384685877487683,-0.8390500164856122,0.49141888071504486,0.5777437776151941,0.13943746412594538,0.8344890531599185,1.1895894714729225,-0.09998818681822003,-0.5861176218677646,understands,0.6323823777298012,63,58,15,121,0.5206611570247934
English (American),bus,nouns,-0.011788118382876743,0.515782696675345,0.5528095884924543,-0.040435755503002595,-0.5661280732323791,0.7628229780110747,-0.8101924997022435,-0.13519908056334562,-0.8440177145100968,understands,1.2647647554596024,40,38,17,78,0.5128205128205128
English (American),button,nouns,-0.06021197942602823,-0.12980765171624725,0.6288633154557035,-0.010426581256432376,0.13943746412594538,0.8242510424243695,-0.4799532751045093,0.18169896314278622,-0.08464521922907817,understands,1.2647647554596024,44,34,17,78,0.5641025641025641
English (American),bye,other,0.24672111307625635,-2.541663310993931,-0.26103756549565776,2.0169352966054226,-1.2716936105907035,-1.9502498669094683,0.2263917330628655,-0.09998818681822003,-0.16670433984321673,understands,-1.580955944324503,19,16,8,35,0.5428571428571428
English (American),candy,nouns,-0.5090004509714903,0.11417510481597498,0.1593941761560214,0.33887076329571814,0.84500300148427,0.6911569028622299,1.162069536089778,1.2732366692416872,0.26638546261800244,understands,1.580955944324503,42,42,18,84,0.5
English (American),car,nouns,0.9726952056513913,0.24522230801781508,1.2532858078329994,0.6758435424605911,-1.2716936105907035,0.7525849672755247,0.5749775812493622,0.11127717565253505,-0.9455061772593139,understands,-0.6323823777298012,48,46,11,94,0.5106382978723404
English (American),careful,predicates,0.47518944924625517,-0.8366229311345666,0.33421740737673583,1.518615403363797,0.13943746412594538,-2.349532285595888,0.29060491562353624,-1.1680519637537026,-0.9037168100384418,understands,0.6323823777298012,61,60,15,121,0.5041322314049587
English (American),carrots,nouns,-0.5203811883020493,-0.7205079497828047,0.2925022178213985,0.7344764764189372,1.5505685388425947,0.8652030853665663,-0.19558060947868333,-0.04130336390967669,1.057168866817583,understands,1.580955944324503,46,38,18,84,0.5476190476190477
English (American),cat,nouns,0.5807811976629979,0.008374559796660713,0.686926388101613,0.9110870878449117,-0.5661280732323791,0.7218709350688777,0.8685235586695703,0.6511775464111308,-0.9872955439787138,understands,0,502,268,13,770,0.6519480519480519
English (American),cereal,nouns,-0.4364237284024177,-0.5188290682067203,0.568985519105577,0.3904390368128517,0.84500300148427,0.6911569028622299,0.40985796895049564,-1.050682317936617,1.176953772830819,understands,0.6323823777298012,68,53,15,121,0.5619834710743802
English (American),chair,nouns,0.5794848031468611,0.06646354732382384,1.2498693592040493,0.26884885638213524,-1.2716936105907035,0.4352066344734994,-0.10384749153486868,-1.2736846449890804,0.2831012092054678,understands,0.6323823777298012,75,46,15,121,0.6198347107438017
English (American),cheerios,nouns,-2.1027221975659924,-1.9248955580384024,-0.40538744839332735,0.07791059706333642,1.5505685388425947,0.19973238755586692,0.40985796895049564,-1.050682317936617,1.3529090018356473,understands,-0.6323823777298012,51,43,11,94,0.5425531914893617
English (American),cheese,nouns,0.06017858282516268,0.7460561294684199,0.49066745947040585,0.7135795921589781,-0.5661280732323791,0.5580627633000901,0.7400971935482289,-0.1704099743084717,-1.0290849106981135,understands,0.3161911888649006,67,63,14,130,0.5153846153846153
English (American),chicken (animal),nouns,0.09446850436318155,-0.5730280091048428,0.32920497558062445,0.8482776353591169,0.84500300148427,0.6604428706555818,0.15300523870781346,-0.8746278492109875,-0.33538142054842146,understands,1.580955944324503,48,36,18,84,0.5714285714285714
English (American),choo choo,other,-0.3429845020168125,-1.5798190005203991,-0.4997167369333132,0.8809049391920398,0.13943746412594538,-0.2609780955438476,0.3272981628010623,0.1230141402342434,2.2494808732807496,understands,1.2647647554596024,45,33,17,78,0.5769230769230769
English (American),clean (action),predicates,0.3603352393520021,0.5466719202096149,-0.6970138316254642,-0.9080426312290352,0.13943746412594538,-1.1107329865944326,0.9969499237909111,-0.4403601596877696,-0.040069894494364586,understands,1.2647647554596024,41,37,17,78,0.5256410256410257
English (American),clean (description),predicates,0.3603352393520021,0.5466719202096149,-0.6970138316254642,-0.9080426312290352,0.13943746412594538,-1.1107329865944326,0.9969499237909111,-0.4403601596877696,-0.535970381603896,understands,1.580955944324503,47,37,18,84,0.5595238095238095
English (American),clock,nouns,-0.6624609870327811,-0.22068877985580754,0.3432765549104854,0.4674095083877363,0.13943746412594538,0.8652030853665663,-0.3240069746000239,-0.6985733804853586,-0.33538142054842146,understands,1.580955944324503,46,38,18,84,0.5476190476190477
English (American),close,predicates,0.39671262590669165,-0.3382909535503207,-0.44316400161669506,0.7292376155613229,0.13943746412594538,-0.9776388470322925,-0.7092860699640468,-0.15867300972676282,0.8257200653682788,understands,0.6323823777298012,68,53,15,121,0.5619834710743802
English (American),coat,nouns,-0.6025996741461307,0.024919246560343788,0.13257898262336665,-0.48790551522956216,-0.5661280732323791,0.8344890531599185,-0.6542461991977582,-0.9919974950280737,-0.8049419428368377,understands,1.2647647554596024,51,27,17,78,0.6538461538461539
English (American),cockadoodledoo,other,-3.603278083915804,-0.24687943756696878,-1.1322960610780015,-0.07810478919095996,4.372830688275892,-0.2609780955438476,-0.43408671613260197,0.7333362984830913,-0.527612508059427,understands,1.580955944324503,43,41,18,84,0.5119047619047619
English (American),cold,predicates,0.15373147051007613,-0.2567629285301856,0.7092016418513296,0.3273634785794298,0.13943746412594538,-0.31216814922159347,-1.544057443252763,-0.4638340888511868,-0.7365593426593705,understands,1.2647647554596024,48,30,17,78,0.6153846153846154
English (American),comb (object),nouns,-0.6025996741461307,-0.021635859286923634,-0.42286554481463345,-0.19968856022372666,-0.5661280732323791,0.8652030853665663,-0.3240069746000239,-1.895743767819636,-0.04703478903117659,understands,1.2647647554596024,43,35,17,78,0.5512820512820513
English (American),cookie,nouns,0.40859232487102015,-0.4859388448469158,0.999079571256014,0.7273205001947121,0.13943746412594538,0.8652030853665663,1.207936095061686,0.8859168380453031,0.3803564630809386,understands,0,473,297,13,770,0.6142857142857143
English (American),couch,nouns,-0.8388626452142988,0.8277904262088788,0.47927268648276805,-1.3643178624328678,-0.5661280732323791,0.5683007740356391,0.4740711515111655,-0.6398885575768157,-1.0400821127303095,understands,1.2647647554596024,49,29,17,78,0.6282051282051282
English (American),cow,nouns,0.22039947091872744,-0.6373341303724667,0.5742782196842284,0.8219511878112414,-1.2716936105907035,0.8242510424243695,-0.5349931458707988,-1.1680519637537026,-0.8870010634509763,understands,0.9485735665947017,52,36,16,88,0.5909090909090909
English (American),cracker,nouns,-0.5374367555806124,-0.5918141124146741,0.5870521781788334,-0.11123242733094887,0.84500300148427,0.8242510424243695,-0.8193658114966249,-0.35820140761580904,0.3499641965582745,understands,0,475,295,13,770,0.6168831168831169
English (American),crib,nouns,-1.2150972335976755,1.3317678987627797,0.25596194016668633,-1.8969921080624874,0.13943746412594538,0.7218709350688777,0.3915113453617322,0.36949039645012405,2.681370980746879,understands,0.3161911888649006,65,65,14,130,0.5
English (American),cry,predicates,0.10787695888506306,-0.20614949739622973,0.8090627246279045,-0.23419783154949214,-0.5661280732323791,-0.15859798818835533,-2.553121740634728,1.7661891816734485,2.021538871853405,understands,0.6323823777298012,62,59,15,121,0.512396694214876
English (American),cup,nouns,0.34754405549909034,-0.09944588240970804,0.9294355563717136,0.3068716999197721,-0.5661280732323791,0.8652030853665663,-0.05798093256296055,-1.5788457241135039,-0.3034695401981513,understands,-0.6323823777298012,50,44,11,94,0.5319148936170213
English (American),daddy,other,0.033649658020813204,3.2018156508593463,0.790684891309256,-0.3272555701950916,0.13943746412594538,0.08711426946482613,1.162069536089778,0.3460164672867073,2.5230112744920916,understands,-1.580955944324503,31,4,8,35,0.8857142857142857
English (American),dance,predicates,-0.156793124486782,-0.44380667752012715,0.40173415770232795,0.2898706370881676,0.13943746412594538,0.16901835534921994,1.162069536089778,1.8014000754185746,-0.21229274012868565,understands,0,481,289,13,770,0.6246753246753247
English (American),diaper,nouns,-0.15547218523136622,-0.10829423806814979,0.4183203775515975,0.010610596765850858,0.13943746412594538,0.6809188921266808,-2.103629462710035,-0.6281515929951069,1.478277102495319,understands,-0.9485735665947017,78,77,10,155,0.5032258064516129
English (American),dinner,other,0.035298216076719575,0.6813847367507427,0.7763713333073161,-0.35456176562202424,0.13943746412594538,0.3533025485891056,0.3639914099785883,-0.11172515139992838,0.10682606186959709,understands,0.9485735665947017,53,35,16,88,0.6022727272727273
English (American),dirty,predicates,-0.05339541886438457,-0.18131563150827057,0.3197094850628576,0.8257621342055643,0.13943746412594538,0.07687625872927713,-2.598988299606636,1.296710598405104,1.2500428680253362,understands,0.9485735665947017,53,35,16,88,0.6022727272727273
English (American),dog,nouns,0.6343753970434353,0.10249059738841883,0.7207621169388264,1.0283385633165825,-0.5661280732323791,0.7116329243333277,0.9143901176414777,1.7427152525100307,-0.4356759010761586,understands,-0.6323823777298012,63,31,11,94,0.6702127659574468
English (American),doll,nouns,-0.21963977725555434,0.6427718768274884,0.22046861200688087,-0.4725872221922962,-0.5661280732323791,0.8652030853665663,-0.11302080332924998,-0.5107819471780213,1.5869294560660527,understands,0.6323823777298012,68,53,15,121,0.5619834710743802
English (American),don't,other,2.2082491104125905,0.17690132137935938,-2.068377320731996,0.0844042008351825,0.13943746412594538,-1.7352516414629346,-2.369655504747098,0.43991218394037623,-0.7783487093787703,understands,-0.3161911888649006,79,64,12,143,0.5524475524475524
English (American),door,nouns,0.4202616343739473,0.7270508191461569,1.034682151191987,-0.2718403194138184,-1.2716936105907035,0.6706808813911309,-0.5258198340764175,-0.8863648137926965,-1.0875900245064514,understands,0,415,355,13,770,0.538961038961039
English (American),down,function_words,1.5558215168829406,0.2553611169908643,1.2729679943899732,0.5539630006952984,-0.5661280732323791,-0.6500225034947177,-1.2138182186550297,-0.38167533677922627,-0.9872955439787138,understands,0,392,378,13,770,0.509090909090909
English (American),draw,predicates,0.231250332023928,-0.0869511741026531,-0.30542994418541086,-0.9568851096622196,-0.5661280732323791,-0.18931202039500278,0.16217855050219476,-0.4051492659426435,-0.33538142054842146,understands,1.580955944324503,46,38,18,84,0.5476190476190477
English (American),drawer,nouns,-0.9150786641988863,0.6716755844189335,0.3099710767301032,-0.20129427613855697,-0.5661280732323791,0.5273487310934422,-1.222991530449411,-1.1093671408451597,-0.4380638650176458,understands,1.580955944324503,42,42,18,84,0.5
English (American),drink (action),predicates,0.5097392860631759,-0.05939228537997168,0.05452690846095408,-0.622862900890627,0.84500300148427,-0.39407223510598727,0.6116708284268882,1.461028102549025,1.7708026705340618,understands,-0.3161911888649006,84,59,12,143,0.5874125874125874
English (American),drink (beverage),nouns,0.5097392860631759,-0.05939228537997168,0.05452690846095408,-0.622862900890627,0.84500300148427,0.619490827713385,0.6116708284268882,1.461028102549025,-0.8368538231871079,understands,0,481,289,13,770,0.6246753246753247
English (American),drive,predicates,0.015577357729444706,0.9405717217863636,-0.5830116897006962,-1.0332765972849969,0.13943746412594538,-0.30193013848604444,0.455724527922403,0.2873316443781645,-0.7867065829232391,understands,1.580955944324503,51,33,18,84,0.6071428571428571
English (American),duck,nouns,0.18646998449715968,-1.1370567972985532,0.614255601514522,1.0875905758137994,-0.5661280732323791,0.7218709350688777,0.09796536794152484,0.06432931732570059,0.0657965015625277,understands,0,428,342,13,770,0.5558441558441558
English (American),ear,nouns,-0.04107864322524405,0.14671645594239385,0.741505727477814,0.2850597314869525,-1.977259147949028,0.8652030853665663,-0.13136742691801256,-0.5225189117597296,-0.02993913898680971,understands,0.3161911888649006,67,63,14,130,0.5153846153846153
English (American),eat,predicates,1.4750125815592117,0.13245909702057398,0.2853587755485857,0.23760662077162206,-1.2716936105907035,0.29187448417581063,1.0061232355852925,0.5103339714306274,1.0687413068399005,understands,-0.3161911888649006,91,52,12,143,0.6363636363636364
English (American),egg,nouns,0.3697187127629,0.6516371435635466,0.687468054710697,0.71819632287135,-1.2716936105907035,0.8344890531599185,-0.04880762076857924,-0.7807321325573191,-0.16670433984321673,understands,1.580955944324503,46,38,18,84,0.5476190476190477
English (American),elephant,nouns,0.2653301555711939,0.4905204995645949,0.06979124958791055,0.7885161581792693,2.2561340762009188,0.8652030853665663,0.15300523870781346,0.33427950270499895,-0.5769999419109654,understands,1.580955944324503,46,38,18,84,0.5476190476190477
English (American),empty,predicates,-0.8628722771598898,-0.578658975761464,-0.12462330590540571,-0.19077672479519162,0.84500300148427,-0.7421646001146606,-2.0394162801493647,-1.989639484473305,-0.7962584381877154,understands,1.580955944324503,45,39,18,84,0.5357142857142857
English (American),eye,nouns,0.3997500421119055,-0.13205416256672534,0.9455840391154959,0.7751281541872816,-1.977259147949028,0.7628229780110747,0.16217855050219476,0.005644494417157768,0.0574386280180588,understands,0,417,353,13,770,0.5415584415584416
English (American),face,nouns,0.24072099593678126,0.2688033254436161,1.0119730248410095,-0.8339154427791027,-0.5661280732323791,0.7321089458044266,0.3272981628010623,0.756810227646508,0.9111356947253059,understands,1.2647647554596024,39,39,17,78,0.5
English (American),fall,predicates,0.4018301733912976,0.047540150514098205,-0.2380288130154997,-1.3345839939418052,-0.5661280732323791,-0.1176459452461584,-1.9385098504111675,0.3460164672867073,0.10682606186959709,understands,1.2647647554596024,45,33,17,78,0.5769230769230769
English (American),finger,nouns,0.1657271868605984,0.1369488046507294,0.6276552421889925,-0.3847211115810193,0.84500300148427,0.8652030853665663,-0.18640729768430203,0.2403837860513301,0.6007003978776179,understands,0.9485735665947017,50,38,16,88,0.5681818181818182
English (American),firetruck,nouns,-1.925955461913094,-1.2964852061953986,-0.04945558708484904,-0.19935520825866135,1.5505685388425947,0.8652030853665663,0.4282045925392582,0.6746514755745474,-0.3946463407690892,understands,1.580955944324503,43,41,18,84,0.5119047619047619
English (American),fish (animal),nouns,0.2685738317266349,-0.2216569501673022,0.6927196436125098,0.8512452745193398,-0.5661280732323791,0.8652030853665663,0.38233803356735085,-0.7220473096487758,0.3666799431457399,understands,0.6323823777298012,69,52,15,121,0.5702479338842975
English (American),flower,nouns,0.01929917066584486,-0.438058310545763,0.6385672288992688,1.1441500576808479,0.13943746412594538,0.8652030853665663,1.1895894714729225,-0.32299051387068345,-0.636264862131633,understands,0.6323823777298012,62,59,15,121,0.512396694214876
English (American),food,nouns,0.4165794324965093,1.01079919101081,0.8330646985223107,-0.20129206292833884,-0.5661280732323791,0.6604428706555818,1.3914023309493153,0.8741798734635947,0.9628749107830087,understands,1.2647647554596024,48,30,17,78,0.6153846153846154
English (American),foot,nouns,0.033649658020813204,-0.2674355092765982,0.7840501346134665,-0.2550973091916055,-0.5661280732323791,0.7628229780110747,-1.2138182186550297,-1.3793173262244576,1.246536068003377,understands,0,405,365,13,770,0.525974025974026
English (American),fork,nouns,-0.6255365763778187,-0.4329638260201947,0.3603376474163231,0.0010287800299731084,-0.5661280732323791,0.7628229780110747,-0.48912658689889144,-0.6985733804853586,-1.134787427078241,understands,1.2647647554596024,43,35,17,78,0.5512820512820513
English (American),frog,nouns,-0.3216990654952617,-0.6783387522743218,0.3748624912580085,0.5209047542006139,0.13943746412594538,0.8652030853665663,-0.14971405050677603,0.14648806939766115,-0.5314115416254962,understands,1.580955944324503,51,33,18,84,0.6071428571428571
English (American),gentle,predicates,-0.753984655159127,-1.4530138347545358,-0.44569383269687174,1.1964215527115547,0.84500300148427,-1.6635855663140904,1.2996692130055005,-0.9098387429561137,1.6568316700711256,understands,1.580955944324503,58,26,18,84,0.6904761904761905
English (American),get,predicates,2.069298655486044,0.6852822578556641,-2.572868293316544,-1.669011119653663,-0.5661280732323791,-1.8171557273473287,0.07961874435276141,-0.32299051387068345,-0.1724028896908482,understands,0,421,349,13,770,0.5467532467532468
English (American),give,predicates,1.1009195729527081,0.677292621082124,-5.269639645940004,-2.285214468867339,-0.5661280732323791,-1.3564452442476136,1.5840418786313275,0.7333362984830913,-0.23508694002068403,understands,0,499,271,13,770,0.6480519480519481
English (American),glass,nouns,-0.18562302134028394,0.750710592267476,0.35796090229186006,0.029295634988350392,0.13943746412594538,0.6809188921266808,-0.4799532751045093,-0.9450496367012392,-0.4440337746206275,understands,1.580955944324503,46,38,18,84,0.5476190476190477
English (American),glasses,nouns,-0.18562302134028394,0.750710592267476,0.35796090229186006,0.029295634988350392,1.5505685388425947,0.7628229780110747,-0.8377124350853882,-0.6516255221585242,-1.4386207063535317,understands,0.9485735665947017,48,40,16,88,0.5454545454545454
English (American),go,predicates,2.3909398399032273,0.3035539040863539,0.9276739472486167,0.1681110347504393,-1.2716936105907035,-1.0288289007100389,0.29060491562353624,1.073708271352641,-0.535970381603896,understands,0,417,353,13,770,0.5415584415584416
English (American),good,predicates,1.789086122261636,-1.5871390855926655,1.0559820075701707,2.2665014700752066,-0.5661280732323791,-2.5747685217779708,1.7308148673414308,-0.3347274784523918,0.01564926129865922,understands,0.6323823777298012,74,47,15,121,0.6115702479338843
English (American),good night,other,0.4697619524189277,0.88386576412889994,0.7674436727014139,0.521692389281903,1.5505685388425947,-1.9092978239672715,0.2263917330628655,-0.09998818681822003,1.5618558359341181,understands,-0.6323823777298012,48,46,11,94,0.5106382978723404
English (American),grandma,other,0.9357133670552351,1.5196795600718878,0.35796090229186006,0.03053419106385244,2.2561340762009188,0.3942545915313025,1.3730557073605527,-0.8746278492109875,-0.5913962788432187,understands,-0.9485735665947017,81,74,10,155,0.5225806451612903
English (American),grandpa,other,-1.5516946992030742,2.135445842334095,0.3448727742043312,0.6482386932665319,2.2561340762009188,0.24068443049806382,1.308842524799882,-0.28777962012555736,-0.04703478903117659,understands,0,420,350,13,770,0.5454545454545454
English (American),grrr,other,-3.2833632387697493,-2.5647085170556663,-1.3698477583330557,0.5434130174374544,-1.2716936105907035,-0.2609780955438476,-1.443151013514567,0.005644494417157768,-0.36045504068035567,understands,0.6323823777298012,68,53,15,121,0.5619834710743802
English (American),hair,nouns,0.45703694969842207,0.170587541269912,0.9767308015797771,-0.010871315933540434,-1.2716936105907035,0.8344890531599185,0.16217855050219476,-0.276042655543849,-0.5861176218677646,understands,0,412,358,13,770,0.535064935064935
English (American),hand,nouns,0.8522089661155975,0.25848786962646286,1.1172456328585019,-0.33542686913625125,0.13943746412594538,0.578538784771188,-0.09467417974048656,0.04085538816228335,0.46697442367347725,understands,0.6323823777298012,70,51,15,121,0.5785123966942148
English (American),hat,nouns,0.43908426666849304,-0.4762535585759646,1.0169004761852771,0.6695427409101737,-0.5661280732323791,0.7423469565399757,-0.28731372742249794,-1.2502107158256632,0.04908075497506235,understands,0.3161911888649006,69,61,14,130,0.5307692307692308
English (American),head,nouns,0.5551044648259386,0.7121538298381648,1.093690142627142,-0.8186966986849138,-0.5661280732323791,0.609252816977836,-0.13136742691801256,0.592492723502588,0.0657965015625277,understands,0.9485735665947017,50,38,16,88,0.5681818181818182
English (American),hello,other,0.5192868326384258,-3.124950393780051,-1.0973848462759823,2.7970553743579516,0.13943746412594538,-1.3871592764542615,0.2263917330628655,-0.09998818681822003,0.26638546261800244,understands,0,440,330,13,770,0.5714285714285714
English (American),help,predicates,0.8428010302954994,0.15070086056439708,-0.33857363281223435,0.4953859174222868,0.13943746412594538,-1.6328715341074425,0.8685235586695703,0.40470129019525014,0.9350153326357602,understands,1.580955944324503,49,35,18,84,0.5833333333333334
English (American),hi,other,0.8187764795340262,-3.0954003399378527,-1.5179646007394085,2.679227843029151,-1.2716936105907035,-1.5202534160164012,0.2263917330628655,-0.09998818681822003,0.6082984645082836,understands,-0.9485735665947017,92,63,10,155,0.5935483870967742
English (American),high chair,nouns,-1.9390039736754483,0.44510891999233854,-0.22439404347905237,-1.4483735338041914,0.13943746412594538,0.6911569028622299,-0.10384749153486868,-1.2736846449890804,-0.21229274012868565,understands,0.3161911888649006,65,65,14,130,0.5
English (American),hit,predicates,0.047047620591342675,0.351643992690843,-1.9011681790406398,-1.25434205015148,-0.5661280732323791,-0.045979870097313594,-1.8834699796448784,1.8014000754185746,-0.5574620560743357,understands,0.9485735665947017,50,38,16,88,0.5681818181818182
English (American),home,other,0.645947375031388,1.5765784913950691,1.0278222928950311,-0.658094839952583,-0.5661280732323791,-0.045979870097313594,1.35470908377179,-0.1938839034718889,0.6328460646619978,understands,0.9485735665947017,52,36,16,88,0.5909090909090909
English (American),horse,nouns,0.21815779240018754,0.02134927570769499,0.5934227905143606,-1.5757067171900442e-4,-0.5661280732323791,0.8652030853665663,0.0429254971752354,0.2521207506330384,-0.9872955439787138,understands,0.9485735665947017,46,42,16,88,0.5227272727272727
English (American),hot,predicates,0.2743266909613141,-0.6813002223931078,0.48648801338441383,0.8372325100173434,-0.5661280732323791,0.15878034461367005,-0.2506204802449719,0.9563386255355543,-1.0374427842425826,understands,0.3161911888649006,71,59,14,130,0.5461538461538461
English (American),house,other,0.9217960122134776,1.323146758494981,1.4020620242666766,-0.22616729112268985,-0.5661280732323791,0.8652030853665663,1.0886830417347266,0.005644494417157768,-0.4022444073997555,understands,1.2647647554596024,40,38,17,78,0.5128205128205128
English (American),hug,predicates,-0.5074977631794443,-0.7000812813569715,0.2827411255121195,-0.5468419518519518,-0.5661280732323791,-0.015265837890666592,2.042707468350402,1.0619713067709318,1.8710971510617993,understands,-0.3161911888649006,76,67,12,143,0.5314685314685315
English (American),hungry,predicates,0.3194824927373866,0.9407293136404485,1.0842030067366726,-0.19178920130302113,1.5505685388425947,-1.2847791690987693,-2.2595757632145204,1.942243650399077,1.102172800516304,understands,0.9485735665947017,55,33,16,88,0.625
English (American),hurt (description),predicates,0.3663400954101914,-0.4200718151162069,0.375134261960189,-0.7660397578693866,-0.5661280732323791,-0.5578804068747749,-3.259466748802103,0.9093907672087197,-0.33538142054842146,understands,1.580955944324503,48,36,18,84,0.5714285714285714
English (American),ice cream,nouns,-0.910912612526304,0.9881368475810225,-0.2417925528469739,0.14954681236894346,1.5505685388425947,0.8652030853665663,0.776790440725755,0.005644494417157768,-0.8870010634509763,understands,1.2647647554596024,40,38,17,78,0.5128205128205128
English (American),in,function_words,2.4494240198140074,1.233111983375153,-0.7594779220099129,-1.258351445702977,-1.2716936105907035,-1.1823990617432771,-0.3056603510112614,0.005644494417157768,-0.4440337746206275,understands,0.9485735665947017,45,43,16,88,0.5113636363636364
English (American),inside,function_words,0.18986451074663574,1.0060917858794474,0.10910714297803926,-0.24320844944560183,0.84500300148427,-0.49645234246147957,0.16217855050219476,-0.6046776638316896,-0.7365593426593705,understands,1.2647647554596024,45,33,17,78,0.5769230769230769
English (American),jacket,nouns,-0.8539245195348042,0.39608110706626637,0.07575188113122353,-0.23919264573550078,0.84500300148427,0.7218709350688777,-0.13136742691801256,-0.6985733804853586,0.01564926129865922,understands,1.2647647554596024,39,39,17,78,0.5
English (American),juice,nouns,0.46549039388918323,-0.8998445494588165,1.2192846424269694,0.8084003698106249,-0.5661280732323791,0.7525849672755247,0.8226569996976631,0.7685471922282164,1.394698368555047,understands,-0.3161911888649006,86,57,12,143,0.6013986013986014
English (American),jump,predicates,0.3019215938258023,0.06318291127023568,-0.35669413469418043,0.7988360654873286,0.13943746412594538,0.37377857006020354,0.4006846571561143,1.4023432796404811,-0.18493969975681535,understands,1.2647647554596024,44,34,17,78,0.5641025641025641
English (American),keys,nouns,-0.4882684119629531,-0.34966613338882013,0.2531719498152112,0.32602273016305516,-0.5661280732323791,0.7525849672755247,0.19887179767972077,-0.05304032849138557,-0.3034695401981513,understands,-0.3161911888649006,74,69,12,143,0.5174825174825175
English (American),kick,predicates,-0.5655146379923901,-0.8235831241036189,-1.1642298963811264,-0.7351022843883239,-0.5661280732323791,0.17925636608476894,-1.333071271981989,1.3553954213136468,0.9827746094596141,understands,1.2647647554596024,45,33,17,78,0.5769230769230769
English (American),kiss,predicates,0.1909054719603469,-0.6923247270393771,0.6437088943874976,0.28289416345532636,-0.5661280732323791,0.3328265271180076,1.6299084376032347,2.4704070565759637,1.25261452130791,understands,-0.9485735665947017,81,74,10,155,0.5225806451612903
English (American),kitchen,nouns,-0.226463060383593,1.941698231542748,0.4644345206903136,-0.4683587057561424,0.84500300148427,0.8344890531599185,0.15300523870781346,-0.4990449825963124,0.09922799523893128,understands,0.9485735665947017,51,37,16,88,0.5795454545454546
English (American),kitty,nouns,0.43478806034082934,-1.3408957115844833,0.5371253994075026,1.2284781836754715,0.13943746412594538,0.8344890531599185,1.4464422017156047,-0.8863648137926965,0.0657965015625277,understands,0,511,259,13,770,0.6636363636363637
English (American),leg,nouns,-0.04963869083655812,0.12440343777146935,0.7153220423831678,-0.992860989711987,-0.5661280732323791,0.6911569028622299,0.19887179767972077,-1.4027912553878747,-0.33538142054842146,understands,1.2647647554596024,46,32,17,78,0.5897435897435898
English (American),light (object),nouns,0.22411873748878505,0.4357638213398032,0.2795032979574256,0.5135399916479357,-0.5661280732323791,0.05640023725817823,0.5015910868943103,-0.4990449825963124,-0.13479245949294663,understands,0.9485735665947017,45,43,16,88,0.5113636363636364
English (American),lion,nouns,-0.2800224887671464,-0.643773876217683,0.3158588757556664,0.3662381836926848,-0.5661280732323791,0.8242510424243695,-0.14971405050677603,1.5783977483661107,-0.8619274433190421,understands,1.580955944324503,43,41,18,84,0.5119047619047619
English (American),living room,nouns,-2.1112246163237423,-0.12378143691650241,-0.0558310703822725,-1.002758287066094,2.961699613559243,0.5580627633000901,-0.4157400925438394,-0.9919974950280737,0.3165327028818709,understands,1.580955944324503,45,39,18,84,0.5357142857142857
English (American),look,predicates,2.0267373227116785,-0.6561702214963924,-0.8689523571863429,2.3380560226368523,-0.5661280732323791,-1.2233511046854737,-0.04880762076857924,-0.21735783263530617,-0.36045504068035567,understands,0,478,292,13,770,0.6207792207792208
English (American),love,predicates,0.5597264495303425,-0.5129522638343647,-1.315608835274678,-0.08727044475947626,-0.5661280732323791,-2.1345340601493548,1.8317212970796275,1.6605565004380711,2.188696339232477,understands,0.6323823777298012,61,60,15,121,0.5041322314049587
English (American),lunch,other,-0.0275372905190183,0.48680197800969177,0.633219540799064,-0.39789743086506163,0.13943746412594538,0.15878034461367005,0.5841508930437436,-0.4403601596877696,0.3666799431457399,understands,0.6323823777298012,61,60,15,121,0.5041322314049587
English (American),me,function_words,2.049679161792107,0.173803152663296,1.0644537539182422,0.7078571350674264,-1.2716936105907035,0.17925636608476894,-0.2781404156281166,0.18169896314278622,-0.8870010634509763,understands,1.580955944324503,53,31,18,84,0.6309523809523809
English (American),medicine,nouns,-0.7956387386440973,0.05494627754101792,0.22051621461180268,-0.7321135197381528,2.2561340762009188,0.6502048599200329,-0.09467417974048656,0.06432931732570059,-0.34905794048362027,understands,1.580955944324503,47,37,18,84,0.5595238095238095
English (American),meow,other,-0.4795791215011519,-2.71658060687903,-0.7407214490752305,1.9989844042517249,-0.5661280732323791,-0.24050207407274912,0.12548530332466873,-0.6164146284133986,-1.0784723445496516,understands,0,455,315,13,770,0.5909090909090909
English (American),milk,nouns,0.5240092248858951,-0.24687943756696878,0.9653272886101905,0.8269612245701743,0.13943746412594538,0.7832989994821725,0.6758840109875589,-1.895743767819636,2.5856953248219274,understands,-0.3161911888649006,81,62,12,143,0.5664335664335665
English (American),mine,function_words,0.26370230996521415,-1.2072188413527698,0.8129478843760809,0.7493069977930376,-0.5661280732323791,-0.6090704605525209,-0.00294106179667192,-0.1469360451450545,-0.3946463407690892,understands,0.9485735665947017,47,41,16,88,0.5340909090909091
English (American),mommy,other,0.5192868326384258,-1.3408957115844833,0.7752411781598488,-0.20129427613855697,0.13943746412594538,-0.08693191303951049,1.272149277622356,-0.28777962012555736,2.2494808732807496,understands,-1.580955944324503,32,3,8,35,0.9142857142857143
English (American),monkey,nouns,-0.21432775770380355,-0.8926985793972763,0.33158368180903774,0.544809429435655,0.84500300148427,0.7628229780110747,-0.1680606740955386,1.4140802442221905,-0.8715711432540617,understands,1.580955944324503,53,31,18,84,0.6309523809523809
English (American),moo,other,-0.450038434047109,-2.7503886789720524,-0.4680806077446949,2.115708632367916,-1.2716936105907035,-0.7728786323213085,-0.4799532751045093,0.005644494417157768,0.05422406154020991,understands,0.9485735665947017,53,35,16,88,0.6022727272727273
English (American),moon,nouns,-0.05339541886438457,1.7215889802369095,0.4936480410473897,0.31802181572202126,-0.5661280732323791,0.7628229780110747,0.9143901176414777,-0.6046776638316896,-0.6529806087190987,understands,1.580955944324503,48,36,18,84,0.5714285714285714
English (American),more,function_words,1.3680702280702117,-0.051794237403330216,0.605998663306934,0.692830429348388,-1.2716936105907035,-1.8273937380828775,0.3548180981842062,-1.226736786662246,-0.3917970658452736,understands,0,411,359,13,770,0.5337662337662338
English (American),mouse,nouns,-0.35062944992822154,-0.3780773099434941,0.3674749264515664,0.16955056820676717,-0.5661280732323791,0.6911569028622299,-1.1037384771224517,-0.663362486740233,-1.0784723445496516,understands,1.580955944324503,42,42,18,84,0.5
English (American),mouth,nouns,0.4606731419599013,0.35155125860693054,1.173742945437095,-0.09278478075770608,-0.5661280732323791,0.599014806242287,-0.3790468453663134,0.22864682146962065,0.0927988617817606,understands,0,426,344,13,770,0.5532467532467532
English (American),nap,other,-0.34064994399906545,0.7312907723330162,0.5281618874204795,-0.20385565115824522,-0.5661280732323791,-0.12788395598170743,0.48324446330554766,0.22864682146962065,2.2722750731727483,understands,0,431,339,13,770,0.5597402597402598
English (American),no,other,2.285242606635749,-1.8425032529548622,-0.6778991366026622,3.5041509743895327,-1.2716936105907035,-1.745489652198484,-2.901707588821225,1.1206561296794755,0.6714208649035485,understands,-1.2647647554596024,65,29,9,94,0.6914893617021277
English (American),nose,nouns,0.34754405549909034,-0.6425586903758862,1.0914977143757107,1.0001523727887254,-0.5661280732323791,0.7525849672755247,-0.46160665151574676,-0.9919974950280737,0.9350153326357602,understands,-0.6323823777298012,47,47,11,94,0.5
English (American),off,function_words,1.22352420586298,0.6011505929483756,1.247635661083875,0.12452725822556361,-1.2716936105907035,-1.3973972871898106,0.0429254971752354,1.296710598405104,-1.0875900245064514,understands,0.9485735665947017,46,42,16,88,0.5227272727272727
English (American),on,function_words,2.3746597218298704,0.768845863667841,0.7016461210630798,-0.5075307698758708,-1.2716936105907035,-0.9264487933545467,1.6941216201639047,0.40470129019525014,-0.9872955439787138,understands,1.2647647554596024,52,26,17,78,0.6666666666666666
English (American),open (action),predicates,0.6954027472966235,-0.24611466845108476,-0.48612342206854847,0.8167278587455727,0.13943746412594538,-0.9674008362967436,0.12548530332466873,0.5690187943391702,-0.5913962788432187,understands,0.6323823777298012,74,47,15,121,0.6115702479338843
English (American),ouch,other,-0.8476068459111492,-3.2565772017216092,-1.6482621642558284,2.132612942913323,-1.2716936105907035,-1.4281113193964583,-3.259466748802103,0.9093907672087197,0.6424897645970173,understands,0.3161911888649006,75,55,14,130,0.5769230769230769
English (American),out,function_words,1.6041991553830612,1.2541330349822983,1.1204156342841514,-0.2504531695984848,-1.2716936105907035,-1.4588253516031058,-1.1404317242999777,0.6511775464111308,-1.0947539158294401,understands,0.9485735665947017,53,35,16,88,0.6022727272727273
English (American),outside,other,0.2655623770048709,0.13243520945697784,0.9125807184163757,0.6482386932665319,0.84500300148427,0.09735228020037513,0.8318303114920443,-0.006092470164551105,0.46697442367347725,understands,-0.6323823777298012,49,45,11,94,0.5212765957446809
English (American),oven,nouns,-1.0141038624633647,1.2546933609724475,0.10129880061588545,-0.39516384688594197,0.13943746412594538,0.8344890531599185,0.14383192691343213,-1.1680519637537026,-1.3383262258257946,understands,1.580955944324503,45,39,18,84,0.5357142857142857
English (American),owie,nouns,-0.32000298138960215,-1.6328378013495781,0.07232324678290711,1.7192942946822953,-0.5661280732323791,-0.5578804068747749,-3.259466748802103,0.9093907672087197,1.7708026705340618,understands,1.2647647554596024,57,21,17,78,0.7307692307692307
English (American),pajamas,nouns,-0.7660956250336441,0.2658824495034384,-0.20883118778491852,-0.4372539419602845,2.2561340762009188,0.588776795506738,0.7859637525201371,0.498597006848919,1.219183027631507,understands,0.9485735665947017,52,36,16,88,0.5909090909090909
English (American),pants,nouns,-0.2225553940091812,0.2584384232574049,0.33721819052688057,0.032516578145278065,0.84500300148427,0.7218709350688777,-0.35152690998316866,-0.1704099743084717,-0.27090639713710213,understands,1.2647647554596024,56,22,17,78,0.717948717948718
English (American),paper,nouns,0.32395993903369297,0.6610647326627734,0.790684891309256,-0.19456395868896734,0.13943746412594538,0.7935370102177216,-0.5349931458707988,-0.4990449825963124,-0.5694018752802991,understands,1.2647647554596024,41,37,17,78,0.5256410256410257
English (American),park,other,-0.36740307630045693,1.4282082991301557,0.3448727742043312,-1.6564901933657667,-0.5661280732323791,0.599014806242287,0.9143901176414777,-1.4614760782964176,0.5887605786716539,understands,1.580955944324503,48,36,18,84,0.5714285714285714
English (American),pasta,nouns,-0.5630605259889925,-0.5193873846721788,0.1828238418579385,0.43795921653722153,1.5505685388425947,0.7218709350688777,0.9877766119965297,0.029118423580575,-1.0328839442641828,understands,1.2647647554596024,40,38,17,78,0.5128205128205128
English (American),pattycake,other,-1.2629161176727304,-2.960690995370264,-0.9526797107740225,1.6654209274889387,2.2561340762009188,0.3533025485891056,0.7217505699594663,1.296710598405104,-0.8440177145100968,understands,-0.6323823777298012,49,45,11,94,0.5212765957446809
English (American),peas,nouns,-0.9363134226271377,-0.8242608515521199,-0.07943612443593864,0.34600699089644066,-0.5661280732323791,0.7628229780110747,0.08879205614714272,-1.1680519637537026,1.018594066576032,understands,1.580955944324503,46,38,18,84,0.5476190476190477
English (American),peekaboo,other,-0.21001318804972938,-3.456277516646039,-0.600788744021967,2.5423858434658526,1.5505685388425947,-0.9469248148256452,0.2539116684460102,-0.12346211598163725,2.2950692730647466,understands,-1.580955944324503,21,14,8,35,0.6
English (American),pen,nouns,-0.39973434632315474,-0.2508354267652117,0.5250814352734366,-0.13890509391155717,-0.5661280732323791,0.7832989994821725,-0.34235359818878736,-1.4027912553878747,-0.7137651427673721,understands,1.2647647554596024,41,37,17,78,0.5256410256410257
English (American),picture,nouns,0.578474729987577,0.6830717831521819,0.7850780710839161,-0.640508499755284,0.84500300148427,0.37377857006020354,0.6667106991931777,-0.7689951679756103,0.6675633847289516,understands,1.2647647554596024,48,30,17,78,0.6153846153846154
English (American),pig,nouns,0.044779362546883555,-0.40472841275211746,0.4319698876060332,0.4361655031443911,-0.5661280732323791,0.8652030853665663,-1.0762185417393069,-0.31125354928897453,-1.2798211120174567,understands,1.2647647554596024,48,30,17,78,0.6153846153846154
English (American),pillow,nouns,-0.6175062064378736,-0.2761179600872666,0.5640955387937632,0.12489102408203497,0.13943746412594538,0.8652030853665663,0.9143901176414777,-1.226736786662246,-0.040069894494364586,understands,1.2647647554596024,53,25,17,78,0.6794871794871795
English (American),pizza,nouns,-0.8513901767520021,-0.1458591374840398,-0.0038977985803942826,0.2933784637994323,0.84500300148427,0.8652030853665663,1.7308148673414308,0.7450732630647997,-1.0328839442641828,understands,1.580955944324503,45,39,18,84,0.5357142857142857
English (American),plant,nouns,-0.6653155545783531,1.7527403774740333,-0.4416965825821897,-0.6113144982592487,0.84500300148427,0.619490827713385,0.960256676613385,-0.006092470164551105,-0.8870010634509763,understands,1.580955944324503,43,41,18,84,0.5119047619047619
English (American),plate,nouns,-0.10428809050920106,0.3222248581497869,0.7770086333555062,-0.44160206078705483,0.13943746412594538,0.6297288384489339,-1.1037384771224517,-0.8981017783744049,-0.4356759010761586,understands,1.2647647554596024,43,35,17,78,0.5512820512820513
English (American),play,predicates,1.4899185289875088,0.6512826353073418,-0.35891127714243204,-0.42973790731795936,-0.5661280732323791,-0.9366868040900957,1.4189222663324599,-0.15867300972676282,2.4774228742066224,understands,0.9485735665947017,50,38,16,88,0.5681818181818182
English (American),please,other,0.7761098162981988,-0.9584771113684352,1.199801397550554,1.6809782510871056,0.13943746412594538,-2.5747685217779708,0.5199377104830736,-1.1680519637537026,-0.48582314134002724,understands,0.9485735665947017,46,42,16,88,0.5227272727272727
English (American),potty,nouns,-0.5622445155921497,0.5049447229688073,0.48526555490052137,-0.2974213346622395,0.13943746412594538,-0.03574185936176459,-1.5715773786359077,-1.308895538734206,1.4744780689292494,understands,1.580955944324503,57,27,18,84,0.6785714285714286
English (American),pretty,predicates,0.7266934066170108,-0.9317896206656247,-0.25117973229958906,0.3821338920870687,0.84500300148427,-1.7966797058762303,1.556521943248183,1.8248740045819913,0.8618839407514427,understands,1.580955944324503,43,41,18,84,0.5119047619047619
English (American),puppy,nouns,-0.1701502368086636,-0.7373233775091566,0.09522520688299474,0.950783389417005,0.13943746412594538,0.6399668491844839,1.6941216201639047,2.2239308003600837,0.14101736195833084,understands,0.6323823777298012,66,55,15,121,0.5454545454545454
English (American),purse,nouns,-1.185043176443643,0.4953271846554117,0.1797408996916044,-0.49079229143087433,-0.5661280732323791,0.7628229780110747,-0.04880762076857924,-0.8628908846292792,-1.2881789855619257,understands,1.580955944324503,58,26,18,84,0.6904761904761905
English (American),push,predicates,0.5565989728633882,-0.2501181328890005,-1.6335180417130006,0.9959167829469802,-0.5661280732323791,0.05640023725817823,-0.5625130812539435,0.5338079005940451,0.08728817603296744,understands,1.2647647554596024,47,31,17,78,0.6025641025641025
English (American),put,predicates,1.9951586751261603,0.9118594818728998,-4.201508876876023,-1.7426685692013015,-0.5661280732323791,-1.6942995985207379,-0.8377124350853882,-0.09998818681822003,-1.3383262258257946,understands,1.580955944324503,46,38,18,84,0.5476190476190477
English (American),quack quack,other,-0.32226539841472984,-1.3647203067436753,-0.2943721093940808,0.6117004083473001,2.961699613559243,-0.2302640633371997,0.09796536794152484,0.06432931732570059,-0.7365593426593705,understands,0,403,367,13,770,0.5233766233766234
English (American),rain,nouns,-0.19770526118366155,0.45443677571074986,0.075695052461188,-0.21016514382161464,-0.5661280732323791,0.8344890531599185,0.5291110222774549,-0.7689951679756103,-0.9037168100384418,understands,1.580955944324503,50,34,18,84,0.5952380952380952
English (American),raisin,nouns,-0.7442386191458978,-0.5239113829945375,0.010891166475363362,0.5502386764993645,0.84500300148427,0.8344890531599185,0.0429254971752354,-0.3464644430341007,-0.7867065829232391,understands,1.580955944324503,47,37,18,84,0.5595238095238095
English (American),read,predicates,0.9787013100378702,0.5527110075096651,-0.8823209109021404,-0.7955742599573455,-0.5661280732323791,-0.6090704605525209,0.6667106991931777,-0.28777962012555736,0.3347680627954695,understands,0.9485735665947017,50,38,16,88,0.5681818181818182
English (American),refrigerator,nouns,-0.7474713074510309,0.38045983152444723,0.5727856860620549,-0.5604010384441102,5.078396225634217,0.8652030853665663,-0.22310054486182804,-0.8159430263024448,-0.8103052844598703,understands,1.2647647554596024,52,26,17,78,0.6666666666666666
English (American),ride,predicates,0.32967230886090243,0.8667104821481546,-0.14138131963911132,-1.5972100126956734,-0.5661280732323791,-0.41454825657708577,0.2447383566516281,1.3553954213136468,-0.636264862131633,understands,1.2647647554596024,47,31,17,78,0.6025641025641025
English (American),rock (object),nouns,-0.10225624088431585,0.2892566619742312,0.08497878262245881,0.1984090109420966,-0.5661280732323791,0.7730609887466237,-0.25979379203935404,-0.9450496367012392,-0.3010701507094424,understands,1.2647647554596024,44,34,17,78,0.5641025641025641
English (American),rocking chair,nouns,-2.8266289376437634,-0.7843517397970097,-0.5393306434959397,-0.8982957078003104,2.2561340762009188,0.7935370102177216,-0.10384749153486868,-1.2736846449890804,-1.2738512024144752,understands,1.580955944324503,49,35,18,84,0.5833333333333334
English (American),run,predicates,0.27775445130730897,1.4226247760469948,-0.8374165965556976,-0.5048164386997959,-0.5661280732323791,0.15878034461367005,0.3731647217729696,1.5197129254575679,-0.9872955439787138,understands,1.2647647554596024,44,34,17,78,0.5641025641025641
English (American),say,predicates,1.7122139307241964,-0.43884597155892113,0.7666312467293016,0.638396171489203,-1.2716936105907035,-1.612395512636344,-0.08550086794610526,0.5690187943391702,-0.03449797896520947,understands,1.2647647554596024,42,36,17,78,0.5384615384615384
English (American),see,predicates,2.1293804173355295,-0.5096961441255217,0.7020718877213322,2.1204423422731384,-1.2716936105907035,-0.9674008362967436,0.2447383566516281,-0.05304032849138557,0.6082984645082836,understands,0.6323823777298012,68,53,15,121,0.5619834710743802
English (American),shh,other,-0.611327329040491,-2.562440407964915,-1.134523451851497,1.9680440358656417,-1.0365050981379287,-0.2609780955438476,0.4282045925392582,-2.3417484219245632,1.7480084706420635,understands,0.3161911888649006,69,61,14,130,0.5307692307692308
English (American),shirt,nouns,0.04542823341294534,0.575462070311253,0.6867160718890548,-0.38737502266778273,-0.5661280732323791,0.8037750209532715,-0.40656678074945807,-1.9309546615647621,0.5171216639373457,understands,0.9485735665947017,44,44,16,88,0.5
English (American),shoe,nouns,0.4006963704538488,-0.37073669111042834,0.7985660404113627,0.862601794729957,-1.2716936105907035,0.8344890531599185,-0.2047539212730646,-1.813585015747676,0.0927988617817606,understands,-0.6323823777298012,47,47,11,94,0.5
English (American),show,predicates,0.751142881775513,0.5401464701743801,-2.2117503743965057,-1.8584032259160204,-1.2716936105907035,-0.18931202039500278,-0.08550086794610526,0.18169896314278622,-0.33152394037382454,understands,1.2647647554596024,45,33,17,78,0.5769230769230769
English (American),sing,predicates,0.2594978612436652,-0.43245858373226154,-0.15553020475123483,-0.19018683738263645,-0.5661280732323791,0.18949437682031794,1.3730557073605527,0.18169896314278622,1.112620142070786,understands,1.2647647554596024,43,35,17,78,0.5512820512820513
English (American),sink,nouns,-0.9597444534668547,0.6441618406203972,0.40406928073227844,-0.798134278882115,0.13943746412594538,0.599014806242287,-1.2688580894213182,-0.28777962012555736,-0.4022444073997555,understands,1.580955944324503,51,33,18,84,0.6071428571428571
English (American),sleep,predicates,0.472820418354058,0.7376174817902912,0.6585377700732697,-0.3223868241070546,0.13943746412594538,0.29187448417581063,1.1162029771178705,-0.4051492659426435,1.884773670996998,understands,0.6323823777298012,72,49,15,121,0.5950413223140496
English (American),sleepy,predicates,-0.5461329962864494,-1.3662950666318883,0.28073623198812675,-0.34628727661130304,0.84500300148427,-1.417873308660909,-1.5073641960752369,-1.0624192825183252,1.3696247484231125,understands,1.2647647554596024,48,30,17,78,0.6153846153846154
English (American),slide (object),nouns,-0.18332469912445556,0.1900925446680797,0.544889798304419,-0.2190770476496421,0.13943746412594538,0.3328265271180076,-0.26896710383373534,-0.7572582033939019,-0.7365593426593705,understands,0.9485735665947017,45,43,16,88,0.5113636363636364
English (American),smile,predicates,-0.7262137119904843,-0.5147886243153701,0.1328087410404669,0.06342028785612049,0.13943746412594538,0.3533025485891056,1.7308148673414308,0.7920211213916342,0.8362404654341561,understands,1.580955944324503,45,39,18,84,0.5357142857142857
English (American),soap,nouns,-0.8732493154216843,0.17028024927387206,-0.19739211139567825,0.15454100703802298,-0.5661280732323791,0.7935370102177216,1.0061232355852925,-1.5553717949500867,0.46697442367347725,understands,1.2647647554596024,43,35,17,78,0.5512820512820513
English (American),sock,nouns,-0.24484370749517673,-0.4801198084537816,0.32378555535388065,0.3852159504755892,-0.5661280732323791,0.7730609887466237,-1.443151013514567,-1.0037344596097826,0.3165327028818709,understands,0,480,290,13,770,0.6233766233766234
English (American),soft,predicates,-0.6166199543725459,-0.30709254680991044,-0.08383167895939159,0.1243417970670495,0.13943746412594538,-0.281454117014946,1.033643170968437,-1.0624192825183252,1.739460645369144,understands,1.580955944324503,48,36,18,84,0.5714285714285714
English (American),splash,predicates,-0.965734752097476,0.08419690160351817,-0.9535464824873007,0.4523000381348547,0.84500300148427,0.03592421578708022,0.48324446330554766,1.0032864838623887,-0.4544811161751094,understands,0.9485735665947017,54,34,16,88,0.6136363636363636
English (American),spoon,nouns,0.08231641608157303,-0.4122451013351874,0.8691236549940594,0.49894678427879935,0.13943746412594538,0.8242510424243695,-0.09467417974048656,-0.18214693889018008,1.4699192289508503,understands,0,387,383,13,770,0.5025974025974026
English (American),stairs,nouns,-0.6300405468271292,1.3724322883185756,0.6138349787913756,-0.9143978711723811,0.13943746412594538,0.8652030853665663,-0.4799532751045093,-0.41688623052435236,-0.9417071436932448,understands,0.6323823777298012,64,57,15,121,0.5289256198347108
English (American),stop,predicates,0.5941710361007487,-1.036939741213521,-0.44586075449411683,1.7736850472915582,0.13943746412594538,-0.4862143317259301,-1.1679516596831216,0.22864682146962065,-0.5972614529260749,understands,0.3161911888649006,66,64,14,130,0.5076923076923077
English (American),store,other,0.010468040494780229,1.973223372977718,0.7553395514516418,-1.3113330471229183,-0.5661280732323791,0.3533025485891056,-0.05798093256296055,-0.6046776638316896,-0.10971883936101239,understands,1.2647647554596024,42,36,17,78,0.5384615384615384
English (American),stroller,nouns,-1.419467096727175,0.5210818816750913,0.17869479886788373,-1.770340273589073,1.5505685388425947,0.8242510424243695,-0.23227385665620934,-0.8511539200475703,2.2915624730427875,understands,0,406,364,13,770,0.5272727272727272
English (American),swing (action),predicates,-0.4724245635768237,-0.07617598849715032,0.17435288244981315,0.22624651703850063,0.13943746412594538,0.3942545915313025,0.8685235586695703,0.18169896314278622,-0.48582314134002724,understands,0.9485735665947017,46,42,16,88,0.5227272727272727
English (American),swing (object),nouns,-0.4724245635768237,-0.07617598849715032,0.17435288244981315,0.22624651703850063,0.13943746412594538,0.3942545915313025,0.8685235586695703,0.18169896314278622,-1.3064143454755244,understands,0.9485735665947017,50,38,16,88,0.5681818181818182
English (American),table,nouns,0.4648043674750674,0.8140677966458835,1.181267543293315,-0.6472702728773505,0.13943746412594538,0.7628229780110747,-0.470779963310128,-1.1093671408451597,-0.020170195817758897,understands,0.9485735665947017,44,44,16,88,0.5
English (American),teddybear,nouns,-0.23187422287506615,-0.600714120246452,-0.21388561448421725,-0.22616729112268985,1.5505685388425947,0.7321089458044266,1.2629759658279744,-0.24083176179872287,2.155264846057546,understands,0.6323823777298012,74,47,15,121,0.6115702479338843
English (American),telephone,nouns,-0.3833704336384577,-0.7176696919391652,0.5608562444476275,0.6913669485036793,2.2561340762009188,0.8242510424243695,-0.26896710383373534,0.41643825477695845,0.6082984645082836,understands,-0.3161911888649006,76,67,12,143,0.5314685314685315
English (American),thank you,other,0.6123888491647749,-3.441385527933536,-0.12267035370991584,2.9885805356130635,1.5505685388425947,-2.0526299742649607,1.5840418786313275,0.1230141402342434,-0.6111912419996989,understands,0,431,339,13,770,0.5597402597402598
English (American),thirsty,predicates,-0.9192712232714267,-1.5439714041384527,0.36679364035638956,-0.45393341074283883,0.84500300148427,-0.30193013848604444,-1.397284454542659,0.15822503397936952,0.24359126272600412,understands,0.9485735665947017,46,42,16,88,0.5227272727272727
English (American),throw,predicates,0.4486495230241052,-0.12342341007711291,-2.0150106428288783,-0.6929993238925618,-0.5661280732323791,-0.1176459452461584,-0.4157400925438394,0.6746514755745474,-0.23508694002068403,understands,0,390,380,13,770,0.5064935064935064
English (American),tickle,predicates,-0.15811671712045577,-1.0814652581305941,-0.6099296657256459,-0.02755796068566256,0.13943746412594538,-0.31216814922159347,0.12548530332466873,2.247404729523501,1.440886616087325,understands,0.9485735665947017,56,32,16,88,0.6363636363636364
English (American),tired,predicates,0.10817184737118352,-0.4996688864908751,0.7504900283280789,-0.1925819748710993,-0.5661280732323791,-1.1823990617432771,-1.5715773786359077,-0.32299051387068345,0.14101736195833084,understands,1.580955944324503,43,41,18,84,0.5119047619047619
English (American),toast,nouns,-0.5721039760162898,-0.2504754888495972,0.382086778778166,0.16548884094305824,0.13943746412594538,0.7935370102177216,0.6667106991931777,-0.3464644430341007,-0.7198435960719052,understands,1.2647647554596024,41,37,17,78,0.5256410256410257
English (American),toe,nouns,-0.29616031522171726,-0.4460391000558797,0.7164618053234897,0.44313862435398954,-1.2716936105907035,0.7935370102177216,-0.7001127581696656,-0.9919974950280737,0.19474654788369425,understands,0.9485735665947017,56,32,16,88,0.6363636363636364
English (American),tongue,nouns,-0.7410217129457849,-0.600714120246452,0.38611282421340803,-0.3091606309987467,-0.5661280732323791,0.7935370102177216,0.26308498024039156,0.3577534318684157,-0.08464521922907817,understands,1.2647647554596024,48,30,17,78,0.6153846153846154
English (American),tooth,nouns,-1.1956201019544266,1.8389696421991348,-0.6135301727839284,-2.4883934109481562,-0.5661280732323791,0.7525849672755247,-0.8652323704685331,-0.4990449825963124,1.6705081900063243,understands,0.9485735665947017,56,32,16,88,0.6363636363636364
English (American),toothbrush,nouns,-1.4285143094896986,-0.532423957203103,0.11169988928147834,-0.026740668177525267,2.2561340762009188,0.8652030853665663,-0.38822015716069463,-0.663362486740233,-0.8368538231871079,understands,0.3161911888649006,66,64,14,130,0.5076923076923077
English (American),touch,predicates,0.1198604609351677,-0.4349907732465269,-0.8903735060330589,-1.1598420784673054,-0.5661280732323791,-0.30193013848604444,0.5841508930437436,1.1206561296794755,1.219183027631507,understands,1.2647647554596024,56,22,17,78,0.717948717948718
English (American),towel,nouns,-0.5812732718864587,-0.31291359802757657,0.38613661545589073,-0.05473686511333078,-0.5661280732323791,0.7218709350688777,0.12548530332466873,-1.226736786662246,0.7177106249928206,understands,1.2647647554596024,48,30,17,78,0.6153846153846154
English (American),toy (object),nouns,0.6213799476350509,0.748274802947514,0.8228031613592884,-0.051683497218100706,-1.2716936105907035,0.7935370102177216,1.1804161596785412,0.40470129019525014,2.155264846057546,understands,0.3161911888649006,77,53,14,130,0.5923076923076923
English (American),train,nouns,0.29707002477088745,0.2951895780588617,0.7819787376004591,-0.1272298431200775,0.13943746412594538,0.6502048599200329,0.3272981628010623,0.1230141402342434,-0.21229274012868565,understands,1.580955944324503,59,25,18,84,0.7023809523809523
English (American),trash,nouns,-1.1463314649392642,0.006026459795172718,-0.32221563991273905,-0.5147826645835366,0.13943746412594538,0.5580627633000901,-2.9934407067650395,-0.3347274784523918,-1.124060744835121,understands,1.580955944324503,52,32,18,84,0.6190476190476191
English (American),tree,nouns,0.312168162791449,0.4840065724412016,0.9992957200286824,0.4427445171465627,-0.5661280732323791,0.8652030853665663,1.455615513509986,-1.4966869720415439,-0.3034695401981513,understands,0.9485735665947017,44,44,16,88,0.5
English (American),truck,nouns,0.39614154832256676,0.08650172192345144,1.0626364517167282,0.3572682615635782,0.13943746412594538,0.7013949135977787,-0.7734992525247175,-0.21735783263530617,-0.3946463407690892,understands,0.9485735665947017,51,37,16,88,0.5795454545454546
English (American),tummy,nouns,-0.644663689228478,0.13526002810146215,0.33847469560645466,-0.6241128462730272,0.13943746412594538,0.5375867418289912,0.0429254971752354,-0.1938839034718889,1.6036452031549906,understands,0.3161911888649006,69,61,14,130,0.5307692307692308
English (American),tv,nouns,-0.3371635426844878,0.34062184629902625,0.41635208711104665,-0.2972847785313193,0.13943746412594538,0.8652030853665663,0.0429254971752354,0.3460164672867073,-0.7365593426593705,understands,0.3161911888649006,71,59,14,130,0.5461538461538461
English (American),uh oh,other,-2.1112246163237423,0.6516371435635466,-2.6058751526844803,-0.8738152989385154,-1.2716936105907035,0.7935370102177216,-3.1677336308582884,1.1558670234246005,1.5618558359341181,understands,-0.6323823777298012,52,42,11,94,0.5531914893617021
English (American),under,function_words,0.16976722594972657,0.4662854175228928,-2.3990522883375616,-0.966555758889509,0.13943746412594538,-0.7216885786435621,0.09796536794152484,-0.8159430263024448,-0.8961187434077756,understands,1.580955944324503,46,38,18,84,0.5476190476190477
English (American),up,function_words,1.9441493965774614,0.7516356535023038,1.1822065372369512,0.9544772995581832,-1.2716936105907035,-0.3326441706926919,-0.5441664576651801,0.2521207506330384,-0.48582314134002724,understands,0,393,377,13,770,0.5103896103896104
English (American),vacuum,nouns,-1.4046590957718756,1.0847073823351943,-1.357403527289835,-0.35469219019010984,1.5505685388425947,0.06663824799372724,-0.5716863930483248,0.8037580859733425,-0.9872955439787138,understands,0.9485735665947017,48,40,16,88,0.5454545454545454
English (American),vroom,other,-0.970263486839906,-2.7557272024720594,-0.9600634110487287,1.5872330032194044,0.13943746412594538,-0.2609780955438476,0.5749775812493622,0.11127717565253505,0.767857865256689,understands,0.6323823777298012,62,59,15,121,0.512396694214876
English (American),wait,other,0.9349571852953387,-0.2975281311387675,-0.9254892993519669,1.5166277279330957,-0.5661280732323791,-1.5100154052808519,-1.333071271981989,-0.38167533677922627,0.1660909820902651,understands,1.2647647554596024,39,39,17,78,0.5
English (American),walk,predicates,0.501026590856872,1.0148628749662403,-0.027514608539936338,-0.14612741511080476,-0.5661280732323791,-0.08693191303951049,0.7034039463707028,-0.8276799908841531,0.2856728624880416,understands,0.3161911888649006,68,62,14,130,0.5230769230769231
English (American),wanna,other,1.5191019811676252,-0.3420038354241894,-3.7612074789252636,-1.8534337276082884,0.84500300148427,-2.2778662104470437,-0.00294106179667192,1.5783977483661107,0.2891796625100008,understands,1.580955944324503,47,37,18,84,0.5595238095238095
English (American),wash,predicates,0.2648654670390736,0.44328274642893495,-1.7324039661641257,-1.468987900259138,-0.5661280732323791,0.19973238755586692,-0.00294106179667192,-0.28777962012555736,0.7450636653646907,understands,0.9485735665947017,50,38,16,88,0.5681818181818182
English (American),water (beverage),nouns,0.7682531667935498,0.6899226366709003,0.9761221762529185,0.6974223155395152,0.13943746412594538,0.8652030853665663,0.9143901176414777,-0.276042655543849,1.25261452130791,understands,0,411,359,13,770,0.5337662337662338
English (American),water (not beverage),nouns,0.7682531667935498,0.6899226366709003,0.9761221762529185,0.6974223155395152,0.13943746412594538,0.8652030853665663,0.9143901176414777,-0.276042655543849,1.7024200703565946,understands,0.3161911888649006,69,61,14,130,0.5307692307692308
English (American),wet (description),predicates,-0.1888541999191989,0.0022551218237316633,0.6684919674253279,-0.3272555701950916,-0.5661280732323791,0.3123505056469087,-0.33318028639440606,1.2380257754965611,1.3135778327750864,understands,1.2647647554596024,40,38,17,78,0.5128205128205128
English (American),where (question),function_words,1.8868184414758151,-1.197232996393488,-2.6058751526844803,1.638577028055558,-1.2716936105907035,-2.554292500306872,-0.5349931458707988,0.005644494417157768,-0.7922784984523943,understands,1.2647647554596024,48,30,17,78,0.6153846153846154
English (American),window,nouns,-0.16790516372968095,0.8201980553385813,0.7752411781598488,-0.5046481318024041,0.84500300148427,0.7218709350688777,0.4282045925392582,-0.7924690971390275,-0.48582314134002724,understands,0.9485735665947017,47,41,16,88,0.5340909090909091
English (American),wipe,predicates,-0.3331192527603493,-0.22501249251924457,-2.2078038639143416,-1.396513731872796,-0.5661280732323791,-0.15859798818835533,-1.3055513365988443,-0.4755710534328952,2.155264846057546,understands,1.2647647554596024,46,32,17,78,0.5897435897435898
English (American),woof woof,other,-0.6282352626534208,-1.9317258711786542,-0.48542711196360444,1.195482062607087,1.5505685388425947,-0.2609780955438476,0.6942306345763216,1.4140802442221905,-0.636264862131633,understands,0,500,270,13,770,0.6493506493506493
English (American),yes,other,1.5455183284604856,-2.587997805478744,-0.8883656605319641,3.31161395875918,-0.5661280732323791,-2.06286798500051,1.0703364181459631,-0.38167533677922627,0.14101736195833084,understands,-0.3161911888649006,77,66,12,143,0.5384615384615384
English (American),you,function_words,3.419632312337507,0.21374191344387963,-0.001424590391495291,-0.32845446082934854,-1.2716936105907035,-0.045979870097313594,0.7400971935482289,0.005644494417157768,-0.7137651427673721,understands,1.2647647554596024,39,39,17,78,0.5
English (American),yucky,predicates,-0.799134387750841,-1.7337079874543744,-0.1084129065733679,1.1945485896869072,0.13943746412594538,-2.349532285595888,-2.4246953755133873,0.4751230776855013,0.6675633847289516,understands,0.3161911888649006,66,64,14,130,0.5076923076923077
English (American),yum yum,other,-0.3747245773055876,-1.7962050882462455,-0.4607009795438009,1.1624258685188558,1.5505685388425947,-1.3257312120409661,1.3914023309493153,0.6277036172477141,0.18280672867773043,understands,0,466,304,13,770,0.6051948051948052
